&quot;1&quot;;&quot;http://localhost&quot;;&quot;1365251510&quot;
&quot;2&quot;;&quot;http://www.mitchinson.net&quot;;&quot;1365251510&quot;
&quot;3&quot;;&quot;http://kenya.php&quot;;&quot;1365251510&quot;
&quot;4&quot;;&quot;http://gambia.php&quot;;&quot;1365251510&quot;
&quot;5&quot;;&quot;http://egypt.php&quot;;&quot;1365251510&quot;
&quot;6&quot;;&quot;http://thailand.php&quot;;&quot;1365251510&quot;
&quot;7&quot;;&quot;http://india.php&quot;;&quot;1365251510&quot;
&quot;8&quot;;&quot;http://india2.php&quot;;&quot;1365251510&quot;
&quot;9&quot;;&quot;http://srilanka.php&quot;;&quot;1365251510&quot;
&quot;10&quot;;&quot;http://malaysia.php&quot;;&quot;1365251510&quot;
&quot;11&quot;;&quot;http://vietnam.php&quot;;&quot;1365251510&quot;
&quot;12&quot;;&quot;http://canada.php&quot;;&quot;1365251510&quot;
&quot;13&quot;;&quot;http://cuba.php&quot;;&quot;1365251510&quot;
&quot;14&quot;;&quot;http://brazil.php&quot;;&quot;1365251510&quot;
&quot;15&quot;;&quot;http://greece.php&quot;;&quot;1365251510&quot;
&quot;16&quot;;&quot;http://cyprus.php&quot;;&quot;1365251510&quot;
&quot;17&quot;;&quot;http://spain.php&quot;;&quot;1365251510&quot;
&quot;18&quot;;&quot;http://photoalbum&quot;;&quot;1365251510&quot;
&quot;19&quot;;&quot;http://album_travel&quot;;&quot;1365251510&quot;
&quot;20&quot;;&quot;http://album_baby&quot;;&quot;1365251510&quot;
&quot;21&quot;;&quot;http://index.php&quot;;&quot;1365251510&quot;
&quot;22&quot;;&quot;http://designs&quot;;&quot;1365251511&quot;
&quot;23&quot;;&quot;http://templates.php&quot;;&quot;1365251511&quot;
&quot;24&quot;;&quot;://&quot;;&quot;1365251552&quot;
&quot;25&quot;;&quot;http://jalbum.net&quot;;&quot;1365251526&quot;
&quot;26&quot;;&quot;http://resources.php&quot;;&quot;1365251511&quot;
&quot;27&quot;;&quot;http://gallery.php&quot;;&quot;1365251511&quot;
&quot;28&quot;;&quot;http://travel.php&quot;;&quot;1365251511&quot;
&quot;29&quot;;&quot;http://about.php&quot;;&quot;1365251511&quot;
&quot;30&quot;;&quot;http://mitchinson.net&quot;;&quot;1365251511&quot;
&quot;31&quot;;&quot;http://smh.com.au&quot;;&quot;1365251560&quot;
&quot;32&quot;;&quot;http://www.freedownloadcenter.com&quot;;&quot;1365251525&quot;
&quot;33&quot;;&quot;http://www.smh.com.au&quot;;&quot;1365251560&quot;
&quot;34&quot;;&quot;http://www.stayz.com.au&quot;;&quot;1365251543&quot;
&quot;35&quot;;&quot;http://media.drive.com.au&quot;;&quot;1365251546&quot;
&quot;36&quot;;&quot;http://www.drive.com.au&quot;;&quot;1365251546&quot;
&quot;37&quot;;&quot;http://www.domain.com.au&quot;;&quot;1365251546&quot;
&quot;38&quot;;&quot;http://domainmastheads.homepriceguide.com.au&quot;;&quot;1365251547&quot;
&quot;39&quot;;&quot;http://media.smh.com.au&quot;;&quot;1365251560&quot;
&quot;40&quot;;&quot;https://smh.myfairfax.com.au&quot;;&quot;1365251546&quot;
&quot;41&quot;;&quot;http://news.smh.com.au&quot;;&quot;1365251560&quot;
&quot;42&quot;;&quot;http://www.smhshop.com.au&quot;;&quot;1365251526&quot;
&quot;43&quot;;&quot;http://www.queanbeyanage.com.au&quot;;&quot;1365251549&quot;
&quot;44&quot;;&quot;http://www.braidwoodtimes.com.au&quot;;&quot;1365251550&quot;
&quot;45&quot;;&quot;http://www.goulburnpost.com.au&quot;;&quot;1365251550&quot;
&quot;46&quot;;&quot;http://www.yasstribune.com.au&quot;;&quot;1365251550&quot;
&quot;47&quot;;&quot;http://www.coomaexpress.com.au&quot;;&quot;1365251551&quot;
&quot;48&quot;;&quot;http://www.batemansbaypost.com.au&quot;;&quot;1365251551&quot;
&quot;49&quot;;&quot;http://www.canberratimes.com.au&quot;;&quot;1365251548&quot;
&quot;50&quot;;&quot;http://www.theherald.com.au&quot;;&quot;1365251551&quot;
&quot;51&quot;;&quot;http://www.illawarramercury.com.au&quot;;&quot;1365251552&quot;
&quot;52&quot;;&quot;http://www.dailyliberal.com.au&quot;;&quot;1365251552&quot;
&quot;53&quot;;&quot;http://www.northerndailyleader.com.au&quot;;&quot;1365251552&quot;
&quot;54&quot;;&quot;http://www.portnews.com.au&quot;;&quot;1365251553&quot;
&quot;55&quot;;&quot;http://www.sunshinecoastdaily.com.au &quot;;&quot;1365251511&quot;
&quot;56&quot;;&quot;http://www.qt.com.au&quot;;&quot;1365251553&quot;
&quot;57&quot;;&quot;http://www.thechronicle.com.au&quot;;&quot;1365251554&quot;
&quot;58&quot;;&quot;http://www.tweednews.com.au&quot;;&quot;1365251554&quot;
&quot;59&quot;;&quot;http://www.brisbanetimes.com.au&quot;;&quot;1365251555&quot;
&quot;60&quot;;&quot;http://www.theage.com.au&quot;;&quot;1365251556&quot;
&quot;61&quot;;&quot;http://yourcommunityvoice.com.au&quot;;&quot;1365251511&quot;
&quot;62&quot;;&quot;http://www.thecourier.com.au&quot;;&quot;1365251556&quot;
&quot;63&quot;;&quot;http://www.bordermail.com.au&quot;;&quot;1365251556&quot;
&quot;64&quot;;&quot;http://www.standard.net.au&quot;;&quot;1365251557&quot;
&quot;65&quot;;&quot;http://www.bendigoadvertiser.com.au&quot;;&quot;1365251557&quot;
&quot;66&quot;;&quot;http://www.gippslandtimes.com.au&quot;;&quot;1365251557&quot;
&quot;67&quot;;&quot;http://www.epa.vic.gov.au&quot;;&quot;1365251511&quot;
&quot;68&quot;;&quot;http://www.cfa.vic.gov.au&quot;;&quot;1365251511&quot;
&quot;69&quot;;&quot;http://bunbury.yourguide.com.au&quot;;&quot;1365251558&quot;
&quot;70&quot;;&quot;http://esperance.yourguide.com.au&quot;;&quot;1365251558&quot;
&quot;71&quot;;&quot;http://www.albanyweekender.com.au&quot;;&quot;1365251511&quot;
&quot;72&quot;;&quot;http://busselton.yourguide.com.au&quot;;&quot;1365251559&quot;
&quot;73&quot;;&quot;http://mandurah.yourguide.com.au&quot;;&quot;1365251559&quot;
&quot;74&quot;;&quot;http://margaretriver.yourguide.com.au&quot;;&quot;1365251559&quot;
&quot;75&quot;;&quot;http://www.watoday.com.au&quot;;&quot;1365251548&quot;
&quot;76&quot;;&quot;http://markets.smh.com.au&quot;;&quot;1365251533&quot;
&quot;77&quot;;&quot;http://boxoffice.smh.com.au&quot;;&quot;1365251536&quot;
&quot;78&quot;;&quot;http://thevine.com.au&quot;;&quot;1365251548&quot;
&quot;79&quot;;&quot;http://www.goodfood.com.au&quot;;&quot;1365251548&quot;
&quot;80&quot;;&quot;http://www.dailylife.com.au&quot;;&quot;1365251548&quot;
&quot;81&quot;;&quot;http://www.essentialkids.com.au&quot;;&quot;1365251548&quot;
&quot;82&quot;;&quot;http://broadband.smh.com.au&quot;;&quot;1365251541&quot;
&quot;83&quot;;&quot;http://smh.drive.com.au&quot;;&quot;1365251512&quot;
&quot;84&quot;;&quot;http://livescores.smh.com.au&quot;;&quot;1365251517&quot;
&quot;85&quot;;&quot;http://weather.smh.com.au&quot;;&quot;1365251512&quot;
&quot;86&quot;;&quot;http://adcentre.fairfaxdigital.com.au&quot;;&quot;1365251531&quot;
&quot;87&quot;;&quot;http://m.smh.com.au&quot;;&quot;1365251512&quot;
&quot;88&quot;;&quot;http://www.facebook.com&quot;;&quot;1365251547&quot;
&quot;89&quot;;&quot;https://twitter.com&quot;;&quot;1365251528&quot;
&quot;90&quot;;&quot;http://www.linkedin.com&quot;;&quot;1365251521&quot;
&quot;91&quot;;&quot;https://subscriptions.fairfax.com.au&quot;;&quot;1365251521&quot;
&quot;92&quot;;&quot;http://smh.fairfaxbenefits.com.au&quot;;&quot;1365251547&quot;
&quot;93&quot;;&quot;http://www.goodguides.com.au&quot;;&quot;1365251521&quot;
&quot;94&quot;;&quot;https://membercentre.fairfax.com.au&quot;;&quot;1365251520&quot;
&quot;95&quot;;&quot;http://www.crackawines.com.au&quot;;&quot;1365251514&quot;
&quot;96&quot;;&quot;http://www.advertisers.com.au&quot;;&quot;1365251512&quot;
&quot;97&quot;;&quot;http://www.rsvp.com.au&quot;;&quot;1365251521&quot;
&quot;98&quot;;&quot;http://mycareer.com.au&quot;;&quot;1365251531&quot;
&quot;99&quot;;&quot;http://apm.com.au&quot;;&quot;1365251547&quot;
&quot;100&quot;;&quot;http://www.buyandsell.com.au&quot;;&quot;1365251521&quot;
&quot;101&quot;;&quot;http://tributes.smh.com.au&quot;;&quot;1365251517&quot;
&quot;102&quot;;&quot;http://celebrations.smh.com.au&quot;;&quot;1365251512&quot;
&quot;103&quot;;&quot;http://www.smhfeatures.com.au&quot;;&quot;1365251512&quot;
&quot;104&quot;;&quot;http://www.fairfax.com.au&quot;;&quot;1365251546&quot;
&quot;105&quot;;&quot;http://newsstore.fairfax.com.au&quot;;&quot;1365251512&quot;
&quot;106&quot;;&quot;http://www.fairfaxsyndication.com&quot;;&quot;1365251512&quot;
&quot;107&quot;;&quot;http://consumer.fairfaxsyndication.com&quot;;&quot;1365251512&quot;
&quot;108&quot;;&quot;http://www.fairfaxevents.com.au&quot;;&quot;1365251512&quot;
&quot;109&quot;;&quot;http://careers.fairfax.com.au&quot;;&quot;1365251531&quot;
&quot;110&quot;;&quot;http://www.presscouncil.org.au&quot;;&quot;1365251512&quot;
&quot;111&quot;;&quot;http://www.nationaltimes.com.au&quot;;&quot;1365251534&quot;
&quot;112&quot;;&quot;http://www.weatherzone.com.au&quot;;&quot;1365251535&quot;
&quot;113&quot;;&quot;http://www.businessday.com.au&quot;;&quot;1365251512&quot;
&quot;114&quot;;&quot;http://www.brw.com.au&quot;;&quot;1365251512&quot;
&quot;115&quot;;&quot;http://www.afr.com&quot;;&quot;1365251512&quot;
&quot;116&quot;;&quot;http://www.afrmagazine.com.au&quot;;&quot;1365251512&quot;
&quot;117&quot;;&quot;http://www.smartinvestor.com.au&quot;;&quot;1365251512&quot;
&quot;118&quot;;&quot;http://www.investsmart.com.au&quot;;&quot;1365251539&quot;
&quot;119&quot;;&quot;http://www.thevine.com.au&quot;;&quot;1365251528&quot;
&quot;120&quot;;&quot;http://www.essentialbaby.com.au&quot;;&quot;1365251548&quot;
&quot;121&quot;;&quot;http://www.findababysitter.com.au&quot;;&quot;1365251529&quot;
&quot;122&quot;;&quot;http://www.mycareer.com.a&quot;;&quot;1365251512&quot;
&quot;123&quot;;&quot;http://fairfaxmedia.com.au&quot;;&quot;1365251512&quot;
&quot;124&quot;;&quot;http://blog.freedownloadcenter.com&quot;;&quot;1365251512&quot;
&quot;125&quot;;&quot;http://www.giveawayoftheday.com&quot;;&quot;1365251513&quot;
&quot;126&quot;;&quot;http://www.heraldeducation.com.au&quot;;&quot;1365251526&quot;
&quot;127&quot;;&quot;http://www.snapphappy.net&quot;;&quot;1365251514&quot;
&quot;128&quot;;&quot;http://adcentre.com.au&quot;;&quot;1365251531&quot;
&quot;129&quot;;&quot;http://twitter.com&quot;;&quot;1365251534&quot;
&quot;130&quot;;&quot;http://www.reddit.com&quot;;&quot;1365251533&quot;
&quot;131&quot;;&quot;http://superrugby.tipping.smh.com.au&quot;;&quot;1365251516&quot;
&quot;132&quot;;&quot;http://afl.tipping.smh.com.au&quot;;&quot;1365251517&quot;
&quot;133&quot;;&quot;http://www.adcentre.com.au&quot;;&quot;1365251546&quot;
&quot;134&quot;;&quot;http://subscriptions.fairfax.com.au&quot;;&quot;1365251517&quot;
&quot;135&quot;;&quot;http://www.tradingpost.com.au&quot;;&quot;1365251517&quot;
&quot;136&quot;;&quot;http://classifieds.fairfax.com.au&quot;;&quot;1365251520&quot;
&quot;137&quot;;&quot;http://mozo.com.au&quot;;&quot;1365251517&quot;
&quot;138&quot;;&quot;http://mozo-widgets.f2.com.au&quot;;&quot;1365251530&quot;
&quot;139&quot;;&quot;http://news.drive.com.au&quot;;&quot;1365251546&quot;
&quot;140&quot;;&quot;http://bikes.drive.com.au&quot;;&quot;1365251517&quot;
&quot;141&quot;;&quot;http://blogs.drive.com.au&quot;;&quot;1365251517&quot;
&quot;142&quot;;&quot;http://mobile-phones.smh.com.au&quot;;&quot;1365251541&quot;
&quot;143&quot;;&quot;http://www.whistleout.com&quot;;&quot;1365251524&quot;
&quot;144&quot;;&quot;http://everguide.com.au&quot;;&quot;1365251519&quot;
&quot;145&quot;;&quot;https://canberratimes.myfairfax.com.au&quot;;&quot;1365251519&quot;
&quot;146&quot;;&quot;http://media.canberratimes.com.au&quot;;&quot;1365251520&quot;
&quot;147&quot;;&quot;http://m.canberratimes.com.au&quot;;&quot;1365251520&quot;
&quot;148&quot;;&quot;http://www.bicaphotographics.com.au&quot;;&quot;1365251520&quot;
&quot;149&quot;;&quot;http://tributes.canberratimes.com.au&quot;;&quot;1365251520&quot;
&quot;150&quot;;&quot;http://celebrations.canberratimes.com.au&quot;;&quot;1365251520&quot;
&quot;151&quot;;&quot;http://images.smh.com.au&quot;;&quot;1365251546&quot;
&quot;152&quot;;&quot;https://brisbanetimes.myfairfax.com.au&quot;;&quot;1365251520&quot;
&quot;153&quot;;&quot;http://realestate.brisbanetimes.com.au&quot;;&quot;1365251520&quot;
&quot;154&quot;;&quot;http://media.brisbanetimes.com.au&quot;;&quot;1365251521&quot;
&quot;155&quot;;&quot;http://weather.brisbanetimes.com.au&quot;;&quot;1365251520&quot;
&quot;156&quot;;&quot;http://m.brisbanetimes.com.au&quot;;&quot;1365251520&quot;
&quot;157&quot;;&quot;https://theage.myfairfax.com.au&quot;;&quot;1365251521&quot;
&quot;158&quot;;&quot;http://tipping.theage.com.au&quot;;&quot;1365251521&quot;
&quot;159&quot;;&quot;http://media.theage.com.au&quot;;&quot;1365251556&quot;
&quot;160&quot;;&quot;http://about.theage.com.au&quot;;&quot;1365251521&quot;
&quot;161&quot;;&quot;http://newsstore.theage.com.au&quot;;&quot;1365251521&quot;
&quot;162&quot;;&quot;http://m.theage.com.au&quot;;&quot;1365251521&quot;
&quot;163&quot;;&quot;https://theage.digitaleditions.com.au&quot;;&quot;1365251521&quot;
&quot;164&quot;;&quot;http://subscribe.theage.com.au&quot;;&quot;1365251521&quot;
&quot;165&quot;;&quot;http://theage.fairfaxbenefits.com.au&quot;;&quot;1365251521&quot;
&quot;166&quot;;&quot;http://www.theageshop.com.au&quot;;&quot;1365251521&quot;
&quot;167&quot;;&quot;http://tributes.theage.com.au&quot;;&quot;1365251521&quot;
&quot;168&quot;;&quot;http://celebrations.theage.com.au&quot;;&quot;1365251521&quot;
&quot;169&quot;;&quot;http://theage.com.au&quot;;&quot;1365251521&quot;
&quot;170&quot;;&quot;https://watoday.myfairfax.com.au&quot;;&quot;1365251521&quot;
&quot;171&quot;;&quot;http://media.watoday.com.au&quot;;&quot;1365251521&quot;
&quot;172&quot;;&quot;http://cars.watoday.com.au&quot;;&quot;1365251521&quot;
&quot;173&quot;;&quot;http://jobs.watoday.com.au&quot;;&quot;1365251521&quot;
&quot;174&quot;;&quot;http://realestate.watoday.com.au&quot;;&quot;1365251521&quot;
&quot;175&quot;;&quot;http://weather.watoday.com.au&quot;;&quot;1365251521&quot;
&quot;176&quot;;&quot;http://m.watoday.com.au&quot;;&quot;1365251521&quot;
&quot;177&quot;;&quot;http://www.mystorecorner.com&quot;;&quot;1365251523&quot;
&quot;178&quot;;&quot;http://www.spiked-online.com&quot;;&quot;1365251522&quot;
&quot;179&quot;;&quot;http://www.thedailybeast.com&quot;;&quot;1365251522&quot;
&quot;180&quot;;&quot;http://business.mobile-phones.smh.com.au&quot;;&quot;1365251541&quot;
&quot;181&quot;;&quot;http://www.adobe.com&quot;;&quot;1365251522&quot;
&quot;182&quot;;&quot;http://www.momediatv.com&quot;;&quot;1365251522&quot;
&quot;183&quot;;&quot;http://itunes.apple.com&quot;;&quot;1365251522&quot;
&quot;184&quot;;&quot;http://compare.smh.com.au&quot;;&quot;1365251522&quot;
&quot;185&quot;;&quot;http://businesscalendar.smh.com.au&quot;;&quot;1365251522&quot;
&quot;186&quot;;&quot;http://nikkablogger.designnerd.net&quot;;&quot;1365251523&quot;
&quot;187&quot;;&quot;http://t.co&quot;;&quot;1365251528&quot;
&quot;188&quot;;&quot;http://services.php&quot;;&quot;1365251523&quot;
&quot;189&quot;;&quot;http://search.php&quot;;&quot;1365251523&quot;
&quot;190&quot;;&quot;http://contact_us.php&quot;;&quot;1365251523&quot;
&quot;191&quot;;&quot;http://janedoe.jalbum.net&quot;;&quot;1365251524&quot;
&quot;192&quot;;&quot;http://www.qrg.northwestern.edu&quot;;&quot;1365251525&quot;
&quot;193&quot;;&quot;http://www.vcaa.vic.edu.au&quot;;&quot;1365251525&quot;
&quot;194&quot;;&quot;https://subscribe.fairfax.com.au&quot;;&quot;1365251533&quot;
&quot;195&quot;;&quot;http://www.bloomberg.com&quot;;&quot;1365251526&quot;
&quot;196&quot;;&quot;http://climatecommission.gov.au&quot;;&quot;1365251526&quot;
&quot;197&quot;;&quot;http://www.thelancet.com&quot;;&quot;1365251526&quot;
&quot;198&quot;;&quot;http://www.who.int&quot;;&quot;1365251526&quot;
&quot;199&quot;;&quot;http://india.blogs.nytimes.com&quot;;&quot;1365251526&quot;
&quot;200&quot;;&quot;http://www.chivasom.com&quot;;&quot;1365251527&quot;
&quot;201&quot;;&quot;http://www.kamalaya.com&quot;;&quot;1365251527&quot;
&quot;202&quot;;&quot;http://www.absolutesanctuary.com&quot;;&quot;1365251527&quot;
&quot;203&quot;;&quot;http://www.thefarm.com.ph&quot;;&quot;1365251527&quot;
&quot;204&quot;;&quot;http://www.anandaspa.com&quot;;&quot;1365251527&quot;
&quot;205&quot;;&quot;http://www.comoshambala.com&quot;;&quot;1365251527&quot;
&quot;206&quot;;&quot;http://www.goldendoor.com.au&quot;;&quot;1365251527&quot;
&quot;207&quot;;&quot;http://www.gaiaretreat.com.au&quot;;&quot;1365251527&quot;
&quot;208&quot;;&quot;http://www.schkinnymanniny.com.au&quot;;&quot;1365251527&quot;
&quot;209&quot;;&quot;http://www.dietlicious.com.au&quot;;&quot;1365251527&quot;
&quot;210&quot;;&quot;http://contentmarketinginstitute.com&quot;;&quot;1365251528&quot;
&quot;211&quot;;&quot;http://www.guardian.co.uk&quot;;&quot;1365251528&quot;
&quot;212&quot;;&quot;http://www.hollywoodreporter.com&quot;;&quot;1365251528&quot;
&quot;213&quot;;&quot;http://shop.thevine.com.au&quot;;&quot;1365251528&quot;
&quot;214&quot;;&quot;http://www.lifelounge.com.au&quot;;&quot;1365251528&quot;
&quot;215&quot;;&quot;http://nswwinefestival.com.au&quot;;&quot;1365251529&quot;
&quot;216&quot;;&quot;http://shop.dailylife.com.au&quot;;&quot;1365251529&quot;
&quot;217&quot;;&quot;http://www.sydneyoperahouse.com&quot;;&quot;1365251529&quot;
&quot;218&quot;;&quot;http://childpsychologist.com.au&quot;;&quot;1365251529&quot;
&quot;219&quot;;&quot;http://crownmetropolmelbourne.com.au&quot;;&quot;1365251530&quot;
&quot;220&quot;;&quot;http://qualia.com.au&quot;;&quot;1365251530&quot;
&quot;221&quot;;&quot;http://injidupsparetreat.com.au&quot;;&quot;1365251530&quot;
&quot;222&quot;;&quot;http://cradlemountainlodge.com.au&quot;;&quot;1365251530&quot;
&quot;223&quot;;&quot;http://southernoceanlodge.com.au&quot;;&quot;1365251530&quot;
&quot;224&quot;;&quot;http://breathtaker.com.au&quot;;&quot;1365251530&quot;
&quot;225&quot;;&quot;http://empireretreat.com&quot;;&quot;1365251530&quot;
&quot;226&quot;;&quot;http://milton-park.com.au&quot;;&quot;1365251530&quot;
&quot;227&quot;;&quot;http://peninsulahotsprings.com&quot;;&quot;1365251530&quot;
&quot;228&quot;;&quot;http://wolganvalley.com&quot;;&quot;1365251530&quot;
&quot;229&quot;;&quot;http://palmercoolumresort.com.au&quot;;&quot;1365251530&quot;
&quot;230&quot;;&quot;http://hardiegrant.com.au&quot;;&quot;1365251530&quot;
&quot;231&quot;;&quot;http://premashanti.com&quot;;&quot;1365251530&quot;
&quot;232&quot;;&quot;http://bushcreekbuddha.com.au&quot;;&quot;1365251530&quot;
&quot;233&quot;;&quot;http://cabaritaoceanretreat.com.au&quot;;&quot;1365251530&quot;
&quot;234&quot;;&quot;http://saffire-freycinet.com.au&quot;;&quot;1365251530&quot;
&quot;235&quot;;&quot;http://gaiaretreat.com.au&quot;;&quot;1365251530&quot;
&quot;236&quot;;&quot;http://spiritualholidays.com.&quot;;&quot;1365251530&quot;
&quot;237&quot;;&quot;http://celticjourneys.com&quot;;&quot;1365251530&quot;
&quot;238&quot;;&quot;http://wholisticworldvision.org&quot;;&quot;1365251530&quot;
&quot;239&quot;;&quot;http://asianalpine.com&quot;;&quot;1365251530&quot;
&quot;240&quot;;&quot;http://martinrandall.com&quot;;&quot;1365251530&quot;
&quot;241&quot;;&quot;http://silkandstonestravel.com&quot;;&quot;1365251530&quot;
&quot;242&quot;;&quot;http://www.naturetrek.co.uk&quot;;&quot;1365251530&quot;
&quot;243&quot;;&quot;http://enlightened-traveller.co.uk&quot;;&quot;1365251530&quot;
&quot;244&quot;;&quot;http://abercrombiekent.com.au&quot;;&quot;1365251530&quot;
&quot;245&quot;;&quot;http://www.thaiairways.com&quot;;&quot;1365251530&quot;
&quot;246&quot;;&quot;http://enepaltrekking.com&quot;;&quot;1365251530&quot;
&quot;247&quot;;&quot;http://mandarinoriental.com&quot;;&quot;1365251530&quot;
&quot;248&quot;;&quot;http://garuda-indonesia.com&quot;;&quot;1365251530&quot;
&quot;249&quot;;&quot;http://baligoddessretreats.com&quot;;&quot;1365251530&quot;
&quot;250&quot;;&quot;http://mashable.com&quot;;&quot;1365251530&quot;
&quot;251&quot;;&quot;http://www.mashable.com&quot;;&quot;1365251530&quot;
&quot;252&quot;;&quot;https://www.facebook.com&quot;;&quot;1365251531&quot;
&quot;253&quot;;&quot;http://www.cradlemountainlodge.com.au&quot;;&quot;1365251531&quot;
&quot;254&quot;;&quot;http://www.fairfaxdigital.com.au&quot;;&quot;1365251531&quot;
&quot;255&quot;;&quot;http://www.reuters.com&quot;;&quot;1365251531&quot;
&quot;256&quot;;&quot;http://www.google.com&quot;;&quot;1365251548&quot;
&quot;257&quot;;&quot;http://membercentre.fairfax.com.au&quot;;&quot;1365251531&quot;
&quot;258&quot;;&quot;http://www.tradingroom.com.au&quot;;&quot;1365251535&quot;
&quot;259&quot;;&quot;http://newsstore.com.au&quot;;&quot;1365251531&quot;
&quot;260&quot;;&quot;http://www.fxj.com.au&quot;;&quot;1365251531&quot;
&quot;261&quot;;&quot;http://www.macromedia.com&quot;;&quot;1365251532&quot;
&quot;262&quot;;&quot;https://www.crowngifts.com.au&quot;;&quot;1365251532&quot;
&quot;263&quot;;&quot;http://www.crowneventsandconferences.com.au&quot;;&quot;1365251532&quot;
&quot;264&quot;;&quot;https://essentialkids.myfairfax.com.au&quot;;&quot;1365251533&quot;
&quot;265&quot;;&quot;http://members.essentialbaby.com.au&quot;;&quot;1365251533&quot;
&quot;266&quot;;&quot;http://smallbusiness.smh.com.au&quot;;&quot;1365251533&quot;
&quot;267&quot;;&quot;http://fairfaxdigital.com.au&quot;;&quot;1365251533&quot;
&quot;268&quot;;&quot;https://owners.stayz.com.au&quot;;&quot;1365251535&quot;
&quot;269&quot;;&quot;http://www.holidayhouses.co.nz&quot;;&quot;1365251535&quot;
&quot;270&quot;;&quot;http://www.staysmartonline.gov.au&quot;;&quot;1365251535&quot;
&quot;271&quot;;&quot;http://directory.drive.com.au&quot;;&quot;1365251536&quot;
&quot;272&quot;;&quot;http://selfservice.drive.com.au&quot;;&quot;1365251536&quot;
&quot;273&quot;;&quot;https://selfservice.drive.com.au&quot;;&quot;1365251546&quot;
&quot;274&quot;;&quot;http://www.business.com.au&quot;;&quot;1365251536&quot;
&quot;275&quot;;&quot;http://www.hairsalon.com.au&quot;;&quot;1365251536&quot;
&quot;276&quot;;&quot;http://www.computerrepairs.com.au&quot;;&quot;1365251536&quot;
&quot;277&quot;;&quot;http://www.electrician.com.au&quot;;&quot;1365251536&quot;
&quot;278&quot;;&quot;http://www.painters.com.au&quot;;&quot;1365251536&quot;
&quot;279&quot;;&quot;http://www.lawyers.com.au&quot;;&quot;1365251536&quot;
&quot;280&quot;;&quot;http://www.creditcards.com.au&quot;;&quot;1365251536&quot;
&quot;281&quot;;&quot;http://www.cruises.com.au&quot;;&quot;1365251536&quot;
&quot;282&quot;;&quot;http://www.rubbishremoval.com.au&quot;;&quot;1365251536&quot;
&quot;283&quot;;&quot;http://www.taxrefunds.com.au&quot;;&quot;1365251536&quot;
&quot;284&quot;;&quot;http://www.wedding.com.au&quot;;&quot;1365251536&quot;
&quot;285&quot;;&quot;http://Public&quot;;&quot;1365251536&quot;
&quot;286&quot;;&quot;http://Protected&quot;;&quot;1365251536&quot;
&quot;287&quot;;&quot;http://news.domain.com.au&quot;;&quot;1365251536&quot;
&quot;288&quot;;&quot;http://business.domain.com.au&quot;;&quot;1365251536&quot;
&quot;289&quot;;&quot;http://admin.domain.com.au&quot;;&quot;1365251536&quot;
&quot;290&quot;;&quot;http://media.goodfood.com.au&quot;;&quot;1365251537&quot;
&quot;291&quot;;&quot;http://ultimate-footy.theage.com.au&quot;;&quot;1365251539&quot;
&quot;292&quot;;&quot;http://usa.chinadaily.com.cn&quot;;&quot;1365251539&quot;
&quot;293&quot;;&quot;http://www.independent.co.uk&quot;;&quot;1365251539&quot;
&quot;294&quot;;&quot;http://www.youtube.com&quot;;&quot;1365251546&quot;
&quot;295&quot;;&quot;http://www.countrycars.com.au&quot;;&quot;1365251556&quot;
&quot;296&quot;;&quot;http://www.homepriceguide.com.au&quot;;&quot;1365251547&quot;
&quot;297&quot;;&quot;http://domainpropertydata.com.au&quot;;&quot;1365251547&quot;
&quot;298&quot;;&quot;http://apmpropertydata.com.au&quot;;&quot;1365251547&quot;
&quot;299&quot;;&quot;http://smh.domain.com.au&quot;;&quot;1365251547&quot;
&quot;300&quot;;&quot;http://reportage.com.au&quot;;&quot;1365251547&quot;
&quot;301&quot;;&quot;http://www.abs.gov.au&quot;;&quot;1365251548&quot;
&quot;302&quot;;&quot;http://www.data.gov.au&quot;;&quot;1365251548&quot;
&quot;303&quot;;&quot;http://www.data.gov&quot;;&quot;1365251548&quot;
&quot;304&quot;;&quot;http://www.data.gov.uk&quot;;&quot;1365251548&quot;
&quot;305&quot;;&quot;http://data.worldbank.org&quot;;&quot;1365251548&quot;
&quot;306&quot;;&quot;http://stats.oecd.org&quot;;&quot;1365251548&quot;
&quot;307&quot;;&quot;http://www.data.act.gov.au&quot;;&quot;1365251548&quot;
&quot;308&quot;;&quot;http://www.data.vic.gov.au&quot;;&quot;1365251548&quot;
&quot;309&quot;;&quot;http://www.data.nsw.gov.au&quot;;&quot;1365251548&quot;
&quot;310&quot;;&quot;http://www.oesr.qld.gov.au&quot;;&quot;1365251548&quot;
&quot;311&quot;;&quot;http://datajournalismhandbook.org&quot;;&quot;1365251548&quot;
&quot;312&quot;;&quot;http://www.tableausoftware.com&quot;;&quot;1365251548&quot;
&quot;313&quot;;&quot;http://www.d3js.org&quot;;&quot;1365251548&quot;
&quot;314&quot;;&quot;http://www.qgis.org&quot;;&quot;1365251548&quot;
&quot;315&quot;;&quot;http://multimedia.journalism.berkeley.edu&quot;;&quot;1365251548&quot;
&quot;316&quot;;&quot;http://ad-apac.doubleclick.net&quot;;&quot;1365251559&quot;
&quot;317&quot;;&quot;http://classifieds.queanbeyanage.com.au&quot;;&quot;1365251549&quot;
&quot;318&quot;;&quot;http://classifieds.braidwoodtimes.com.au&quot;;&quot;1365251549&quot;
&quot;319&quot;;&quot;http://specialpubs.fairfaxregional.com.au&quot;;&quot;1365251550&quot;
&quot;320&quot;;&quot;http://classifieds.goulburnpost.com.au&quot;;&quot;1365251550&quot;
&quot;321&quot;;&quot;http://classifieds.yasstribune.com.au&quot;;&quot;1365251550&quot;
&quot;322&quot;;&quot;http://classifieds.coomaexpress.com.au&quot;;&quot;1365251551&quot;
&quot;323&quot;;&quot;http://classifieds.batemansbaypost.com.au&quot;;&quot;1365251551&quot;
&quot;324&quot;;&quot;http://classifieds.theherald.com.au&quot;;&quot;1365251551&quot;
&quot;325&quot;;&quot;http://classifieds.illawarramercury.com.au&quot;;&quot;1365251552&quot;
&quot;326&quot;;&quot;https://itunes.apple.com&quot;;&quot;1365251552&quot;
&quot;327&quot;;&quot;http://classifieds.dailyliberal.com.au&quot;;&quot;1365251552&quot;
&quot;328&quot;;&quot;http://fairfaxruralandregional.com.au&quot;;&quot;1365251552&quot;
&quot;329&quot;;&quot;https://www.toptippa.com.au&quot;;&quot;1365251552&quot;
&quot;330&quot;;&quot;http://classifieds.northerndailyleader.com.au&quot;;&quot;1365251552&quot;
&quot;331&quot;;&quot;http://classifieds.portnews.com.au&quot;;&quot;1365251553&quot;
&quot;332&quot;;&quot;http://www.buyaphoto.com.au&quot;;&quot;1365251553&quot;
&quot;333&quot;;&quot;http://www.newsflip.com.au&quot;;&quot;1365251553&quot;
&quot;334&quot;;&quot;http://www.mydailynews.com.au&quot;;&quot;1365251554&quot;
&quot;335&quot;;&quot;http://news.brisbanetimes.com.au&quot;;&quot;1365251555&quot;
&quot;336&quot;;&quot;http://www.commissionofaudit.qld.gov.au&quot;;&quot;1365251555&quot;
&quot;337&quot;;&quot;http://news.theage.com.au&quot;;&quot;1365251556&quot;
&quot;338&quot;;&quot;http://classifieds.thecourier.com.au&quot;;&quot;1365251556&quot;
&quot;339&quot;;&quot;http://classifieds.bordermail.com.au&quot;;&quot;1365251556&quot;
&quot;340&quot;;&quot;http://classifieds.standard.net.au&quot;;&quot;1365251557&quot;
&quot;341&quot;;&quot;http://classifieds.bendigoadvertiser.com.au&quot;;&quot;1365251557&quot;
&quot;342&quot;;&quot;http://cfaonline.cfa.vic.gov.au&quot;;&quot;1365251557&quot;
&quot;343&quot;;&quot;http://classifieds.bunburymail.com.au&quot;;&quot;1365251558&quot;
&quot;344&quot;;&quot;http://eedition.fairfaxregional.com.au&quot;;&quot;1365251558&quot;
&quot;345&quot;;&quot;http://classifieds.esperanceexpress.com.au&quot;;&quot;1365251558&quot;
&quot;346&quot;;&quot;http://classifieds.busseltonmail.com.au&quot;;&quot;1365251558&quot;
&quot;347&quot;;&quot;http://classifieds.mandurahmail.com.au&quot;;&quot;1365251559&quot;
&quot;348&quot;;&quot;http://classifieds.margaretrivermail.com.au&quot;;&quot;1365251559&quot;
&quot;349&quot;;&quot;http://www.classification.gov.au&quot;;&quot;1365251560&quot;
&quot;350&quot;;&quot;http://business.smh.com.au&quot;;&quot;0&quot;
&quot;351&quot;;&quot;http://businessnetwork.smh.com.au&quot;;&quot;0&quot;
&quot;352&quot;;&quot;http://www.moneymanager.com.au&quot;;&quot;0&quot;
&quot;353&quot;;&quot;http://media.dailylife.com.au&quot;;&quot;0&quot;
&quot;354&quot;;&quot;http://digihub.smh.com.au&quot;;&quot;0&quot;
&quot;355&quot;;&quot;http://www.whistleout.com.au&quot;;&quot;0&quot;
&quot;356&quot;;&quot;http://www.fairfaxphotos.com&quot;;&quot;0&quot;
&quot;357&quot;;&quot;http://www.advantate.com.au&quot;;&quot;0&quot;
&quot;358&quot;;&quot;http://mobile.fairfax.com.au&quot;;&quot;0&quot;
&quot;359&quot;;&quot;http://www.smartedition.smh.com.au&quot;;&quot;0&quot;
&quot;360&quot;;&quot;http://theage.digitaleditions.com.au&quot;;&quot;0&quot;
&quot;361&quot;;&quot;http://www.strattonfinance.com.au&quot;;&quot;0&quot;
&quot;362&quot;;&quot;http://www.youtube.com.au&quot;;&quot;0&quot;
&quot;363&quot;;&quot;http://knownoboundaries.smh.com.au&quot;;&quot;0&quot;
&quot;364&quot;;&quot;http://www.mycareer.com.au&quot;;&quot;0&quot;
&quot;365&quot;;&quot;https://advertisers.com.au&quot;;&quot;0&quot;
&quot;366&quot;;&quot;https://smh.digitaleditions.com.au&quot;;&quot;0&quot;
&quot;367&quot;;&quot;http://www.rugbyheaven.smh.com.au&quot;;&quot;0&quot;
&quot;368&quot;;&quot;http://radar.smh.com.au&quot;;&quot;0&quot;
&quot;369&quot;;&quot;http://www.crossword.smh.com.au&quot;;&quot;0&quot;
&quot;370&quot;;&quot;http://store.smh.com.au&quot;;&quot;0&quot;
&quot;371&quot;;&quot;http://www.adonline.com.au&quot;;&quot;0&quot;
&quot;372&quot;;&quot;http://notices.smh.com.au&quot;;&quot;0&quot;
&quot;373&quot;;&quot;http://www.essenitalbaby.com.au&quot;;&quot;0&quot;
&quot;374&quot;;&quot;http://res.au.eventdirector.net&quot;;&quot;0&quot;
&quot;375&quot;;&quot;https://www.crackawines.com.au&quot;;&quot;0&quot;
&quot;376&quot;;&quot;http://afr.com&quot;;&quot;0&quot;
&quot;377&quot;;&quot;https://f2members.f2.com.au&quot;;&quot;0&quot;
&quot;378&quot;;&quot;http://www.sharesmag.com.au&quot;;&quot;0&quot;
&quot;379&quot;;&quot;http://www.personalinvestor.com.au&quot;;&quot;0&quot;
&quot;380&quot;;&quot;http://blogs.smh.com.au&quot;;&quot;0&quot;
&quot;381&quot;;&quot;http://www.cuisine.com.au&quot;;&quot;0&quot;
&quot;382&quot;;&quot;http://www.leaguehq.com.au&quot;;&quot;0&quot;
&quot;383&quot;;&quot;http://www.realfooty.com.au&quot;;&quot;0&quot;
&quot;384&quot;;&quot;http://www.sunherald.com.au&quot;;&quot;0&quot;
&quot;385&quot;;&quot;http://domain.newspaperdirect.com&quot;;&quot;0&quot;
&quot;386&quot;;&quot;http://www.w3.org&quot;;&quot;0&quot;
&quot;387&quot;;&quot;http://m.businessday.com.au&quot;;&quot;0&quot;
&quot;388&quot;;&quot;http://m.drive.com.au&quot;;&quot;0&quot;
&quot;389&quot;;&quot;http://m.domain.com.au&quot;;&quot;0&quot;
&quot;390&quot;;&quot;http://m.wz.com.au&quot;;&quot;0&quot;
&quot;391&quot;;&quot;http://m.thevine.com.au&quot;;&quot;0&quot;
&quot;392&quot;;&quot;http://m.essentialkids.com.au&quot;;&quot;0&quot;
&quot;393&quot;;&quot;http://m.essentialbaby.com.au&quot;;&quot;0&quot;
&quot;394&quot;;&quot;http://www.s2d6.com&quot;;&quot;0&quot;
&quot;395&quot;;&quot;http://smh.digitaleditions.com.au&quot;;&quot;0&quot;
&quot;396&quot;;&quot;http://feeds.smh.com.au&quot;;&quot;0&quot;
&quot;397&quot;;&quot;http://us.rd.yahoo.com&quot;;&quot;0&quot;
&quot;398&quot;;&quot;http://developers.facebook.com&quot;;&quot;0&quot;
&quot;399&quot;;&quot;http://m.twitter.com&quot;;&quot;0&quot;
&quot;400&quot;;&quot;http://blog.twitter.com&quot;;&quot;0&quot;
&quot;401&quot;;&quot;http://status.twitter.com&quot;;&quot;0&quot;
&quot;402&quot;;&quot;https://business.twitter.com&quot;;&quot;0&quot;
&quot;403&quot;;&quot;http://media.twitter.com&quot;;&quot;0&quot;
&quot;404&quot;;&quot;https://www.linkedin.com&quot;;&quot;0&quot;
&quot;405&quot;;&quot;http://www.heraldbenefits.com.au&quot;;&quot;0&quot;
&quot;406&quot;;&quot;http://browsehappy.com&quot;;&quot;0&quot;
&quot;407&quot;;&quot;https://benefits.myfairfax.com.au&quot;;&quot;0&quot;
&quot;408&quot;;&quot;http://smhshop.com.au&quot;;&quot;0&quot;
&quot;409&quot;;&quot;http://businessday.com.au&quot;;&quot;0&quot;
&quot;410&quot;;&quot;http://essentialbaby.com.au&quot;;&quot;0&quot;
&quot;411&quot;;&quot;http://stayz.com.au&quot;;&quot;0&quot;
&quot;412&quot;;&quot;http://thebigchair.com.au&quot;;&quot;0&quot;
&quot;413&quot;;&quot;http://ruralpress.com.au&quot;;&quot;0&quot;
&quot;414&quot;;&quot;http://weatherzone.com.au&quot;;&quot;0&quot;
&quot;415&quot;;&quot;http://www.afrsmartinvestor.com.au&quot;;&quot;0&quot;
&quot;416&quot;;&quot;http://www.cfoweb.com.au&quot;;&quot;0&quot;
&quot;417&quot;;&quot;http://www.assetmag.com.au&quot;;&quot;0&quot;
&quot;418&quot;;&quot;http://www.afrboss.com.au&quot;;&quot;0&quot;
&quot;419&quot;;&quot;http://www.misaustralia.com&quot;;&quot;0&quot;
&quot;420&quot;;&quot;http://www.adcentre.fairfax.com.au&quot;;&quot;0&quot;
&quot;421&quot;;&quot;https://app.rsvp.com.au&quot;;&quot;0&quot;
&quot;422&quot;;&quot;http://content.mycareer.com.au&quot;;&quot;0&quot;
&quot;423&quot;;&quot;http://www.commercialrealestate.com.au&quot;;&quot;0&quot;
&quot;424&quot;;&quot;http://campaigns.fairfax.com.au&quot;;&quot;0&quot;
&quot;425&quot;;&quot;http://www.asx.com.au&quot;;&quot;0&quot;
&quot;426&quot;;&quot;http://brw.com.au&quot;;&quot;0&quot;
&quot;427&quot;;&quot;http://personalinvestor.com.au&quot;;&quot;0&quot;
&quot;428&quot;;&quot;http://sharesdaily.com.au&quot;;&quot;0&quot;
&quot;429&quot;;&quot;http://www.illawarramercury.com&quot;;&quot;0&quot;
&quot;430&quot;;&quot;http://misweb.com&quot;;&quot;0&quot;
&quot;431&quot;;&quot;https://www.fairfaxsyndication.com&quot;;&quot;0&quot;
&quot;432&quot;;&quot;http://professional.fairfaxsyndication.com&quot;;&quot;0&quot;
&quot;433&quot;;&quot;https://secure.consumer.fairfaxsyndication.com&quot;;&quot;0&quot;
&quot;434&quot;;&quot;http://forevercurious.theage.com.au&quot;;&quot;0&quot;
&quot;435&quot;;&quot;http://markets.theage.com.au&quot;;&quot;0&quot;
&quot;436&quot;;&quot;http://boxoffice.theage.com.au&quot;;&quot;0&quot;
&quot;437&quot;;&quot;http://livescores.theage.com.au&quot;;&quot;0&quot;
&quot;438&quot;;&quot;http://brisbanetimes.com.au&quot;;&quot;0&quot;
&quot;439&quot;;&quot;http://livescores.brisbanetimes.com.au&quot;;&quot;0&quot;
&quot;440&quot;;&quot;http://ultimate-footy.canberratimes.com.au&quot;;&quot;0&quot;
&quot;441&quot;;&quot;http://livescores.canberratimes.com.au&quot;;&quot;0&quot;
&quot;442&quot;;&quot;https://nationaltimes.myfairfax.com.au&quot;;&quot;0&quot;
&quot;443&quot;;&quot;http://www.nytimes.com&quot;;&quot;0&quot;
&quot;444&quot;;&quot;http://www.slate.com&quot;;&quot;0&quot;
&quot;445&quot;;&quot;http://www.washingtonpost.com&quot;;&quot;0&quot;
&quot;446&quot;;&quot;http://media.nationaltimes.com.au&quot;;&quot;0&quot;
&quot;447&quot;;&quot;http://ultimate-footy.watoday.com.au&quot;;&quot;0&quot;
&quot;448&quot;;&quot;http://watoday.com.au&quot;;&quot;0&quot;
&quot;449&quot;;&quot;http://livescores.watoday.com.au&quot;;&quot;0&quot;
&quot;450&quot;;&quot;http://www.weatherzone.co.nz&quot;;&quot;0&quot;
&quot;451&quot;;&quot;http://forum.weatherzone.com.au&quot;;&quot;0&quot;
&quot;452&quot;;&quot;http://apps.weatherzone.com.au&quot;;&quot;0&quot;
&quot;453&quot;;&quot;http://m.weatherzone.com.au&quot;;&quot;0&quot;
&quot;454&quot;;&quot;http://business.weatherzone.com.au&quot;;&quot;0&quot;
&quot;455&quot;;&quot;http://www.swellnet.com.au&quot;;&quot;0&quot;
&quot;456&quot;;&quot;http://www.marineweather.net.au&quot;;&quot;0&quot;
&quot;457&quot;;&quot;http://www.meteorology.com.au&quot;;&quot;0&quot;
&quot;458&quot;;&quot;http://www.weathercalendar.com.au&quot;;&quot;0&quot;
&quot;459&quot;;&quot;http://markets.businessday.com.au&quot;;&quot;0&quot;
&quot;460&quot;;&quot;http://compare.businessday.com.au&quot;;&quot;0&quot;
&quot;461&quot;;&quot;http://businesscalendar.businessday.com.au&quot;;&quot;0&quot;
&quot;462&quot;;&quot;http://media.businessday.com.au&quot;;&quot;0&quot;
&quot;463&quot;;&quot;http://surveys.fairfaxbr.com.au&quot;;&quot;0&quot;
&quot;464&quot;;&quot;http://ffx.adcentre.com.au&quot;;&quot;0&quot;
&quot;465&quot;;&quot;https://subscribe.brw.com.au&quot;;&quot;0&quot;
&quot;466&quot;;&quot;https://myaccount.afr.com&quot;;&quot;0&quot;
&quot;467&quot;;&quot;http://m.afr.com&quot;;&quot;0&quot;
&quot;468&quot;;&quot;https://subscribe.afr.com&quot;;&quot;0&quot;
&quot;469&quot;;&quot;http://tv.afr.com&quot;;&quot;0&quot;
&quot;470&quot;;&quot;http://tools.afr.com&quot;;&quot;0&quot;
&quot;471&quot;;&quot;http://www.babyandtoddlershow.com.au&quot;;&quot;0&quot;
&quot;472&quot;;&quot;https://fairfaxmedia.asia.qualtrics.com&quot;;&quot;0&quot;
&quot;473&quot;;&quot;http://pinterest.com&quot;;&quot;0&quot;
&quot;474&quot;;&quot;http://search&quot;;&quot;0&quot;
&quot;475&quot;;&quot;https://www.linkmarketservices.com.au&quot;;&quot;0&quot;
&quot;476&quot;;&quot;http://www.brrmedia.com&quot;;&quot;0&quot;
&quot;477&quot;;&quot;https://whistleblowingsurvey.org&quot;;&quot;0&quot;
